timestamp_utc,datetime_kst,date_kst,hour_kst,datetime_kst_str,volume_btc,volume_usd
2026-03-25 04:00:00+00:00,2026-03-25 13:00:00+09:00,2026-03-25,13:00,2026-03-25 13:00 KST,431.33,30538212.38
2026-03-25 05:00:00+00:00,2026-03-25 14:00:00+09:00,2026-03-25,14:00,2026-03-25 14:00 KST,725.51,51611114.14
2026-03-25 06:00:00+00:00,2026-03-25 15:00:00+09:00,2026-03-25,15:00,2026-03-25 15:00 KST,486.73,34622590.57
2026-03-25 07:00:00+00:00,2026-03-25 16:00:00+09:00,2026-03-25,16:00,2026-03-25 16:00 KST,506.31,35965262.96
2026-03-25 08:00:00+00:00,2026-03-25 17:00:00+09:00,2026-03-25,17:00,2026-03-25 17:00 KST,772.72,55013448.76
2026-03-25 09:00:00+00:00,2026-03-25 18:00:00+09:00,2026-03-25,18:00,2026-03-25 18:00 KST,449.48,32029933.16
2026-03-25 10:00:00+00:00,2026-03-25 19:00:00+09:00,2026-03-25,19:00,2026-03-25 19:00 KST,581.76,41563470.91
2026-03-25 11:00:00+00:00,2026-03-25 20:00:00+09:00,2026-03-25,20:00,2026-03-25 20:00 KST,1553.84,111561345.93
2026-03-25 12:00:00+00:00,2026-03-25 21:00:00+09:00,2026-03-25,21:00,2026-03-25 21:00 KST,1505.1,107596100.4
2026-03-25 13:00:00+00:00,2026-03-25 22:00:00+09:00,2026-03-25,22:00,2026-03-25 22:00 KST,1590.16,114070370.96
2026-03-25 14:00:00+00:00,2026-03-25 23:00:00+09:00,2026-03-25,23:00,2026-03-25 23:00 KST,1537.46,109800001.15
2026-03-25 15:00:00+00:00,2026-03-26 00:00:00+09:00,2026-03-26,00:00,2026-03-26 00:00 KST,1557.35,110394384.59
2026-03-25 16:00:00+00:00,2026-03-26 01:00:00+09:00,2026-03-26,01:00,2026-03-26 01:00 KST,1586.03,113049872.28
2026-03-25 17:00:00+00:00,2026-03-26 02:00:00+09:00,2026-03-26,02:00,2026-03-26 02:00 KST,1083.82,76926291.84
2026-03-25 18:00:00+00:00,2026-03-26 03:00:00+09:00,2026-03-26,03:00,2026-03-26 03:00 KST,917.18,65017193.48
2026-03-25 19:00:00+00:00,2026-03-26 04:00:00+09:00,2026-03-26,04:00,2026-03-26 04:00 KST,1085.96,76979463.36
2026-03-25 20:00:00+00:00,2026-03-26 05:00:00+09:00,2026-03-26,05:00,2026-03-26 05:00 KST,763.59,54050470.77
2026-03-25 21:00:00+00:00,2026-03-26 06:00:00+09:00,2026-03-26,06:00,2026-03-26 06:00 KST,480.78,34142436.6
2026-03-25 22:00:00+00:00,2026-03-26 07:00:00+09:00,2026-03-26,07:00,2026-03-26 07:00 KST,776.7,55314118.9
2026-03-25 23:00:00+00:00,2026-03-26 08:00:00+09:00,2026-03-26,08:00,2026-03-26 08:00 KST,512.28,36530446.45
2026-03-26 00:00:00+00:00,2026-03-26 09:00:00+09:00,2026-03-26,09:00,2026-03-26 09:00 KST,682.75,48663351.42
2026-03-26 01:00:00+00:00,2026-03-26 10:00:00+09:00,2026-03-26,10:00,2026-03-26 10:00 KST,614.27,43767749.07
2026-03-26 02:00:00+00:00,2026-03-26 11:00:00+09:00,2026-03-26,11:00,2026-03-26 11:00 KST,884.45,62688628.59
2026-03-26 03:00:00+00:00,2026-03-26 12:00:00+09:00,2026-03-26,12:00,2026-03-26 12:00 KST,437.22,30954172.91
2026-03-26 04:00:00+00:00,2026-03-26 13:00:00+09:00,2026-03-26,13:00,2026-03-26 13:00 KST,355.61,25175261.86
2026-03-26 05:00:00+00:00,2026-03-26 14:00:00+09:00,2026-03-26,14:00,2026-03-26 14:00 KST,1502.71,105580528.13
2026-03-26 06:00:00+00:00,2026-03-26 15:00:00+09:00,2026-03-26,15:00,2026-03-26 15:00 KST,895.33,62652428.85
2026-03-26 07:00:00+00:00,2026-03-26 16:00:00+09:00,2026-03-26,16:00,2026-03-26 16:00 KST,696.08,48715793.48
2026-03-26 08:00:00+00:00,2026-03-26 17:00:00+09:00,2026-03-26,17:00,2026-03-26 17:00 KST,702.25,49096892.61
2026-03-26 09:00:00+00:00,2026-03-26 18:00:00+09:00,2026-03-26,18:00,2026-03-26 18:00 KST,1132.19,78901035.25
2026-03-26 10:00:00+00:00,2026-03-26 19:00:00+09:00,2026-03-26,19:00,2026-03-26 19:00 KST,608.2,42300261.18
2026-03-26 11:00:00+00:00,2026-03-26 20:00:00+09:00,2026-03-26,20:00,2026-03-26 20:00 KST,811.54,56304647.74
2026-03-26 12:00:00+00:00,2026-03-26 21:00:00+09:00,2026-03-26,21:00,2026-03-26 21:00 KST,915.95,63501434.73
2026-03-26 13:00:00+00:00,2026-03-26 22:00:00+09:00,2026-03-26,22:00,2026-03-26 22:00 KST,2136.4,148488651.85
2026-03-26 14:00:00+00:00,2026-03-26 23:00:00+09:00,2026-03-26,23:00,2026-03-26 23:00 KST,1900.39,132139258.91
2026-03-26 15:00:00+00:00,2026-03-27 00:00:00+09:00,2026-03-27,00:00,2026-03-27 00:00 KST,3021.43,208397868.32
2026-03-26 16:00:00+00:00,2026-03-27 01:00:00+09:00,2026-03-27,01:00,2026-03-27 01:00 KST,1679.17,115715582.65
2026-03-26 17:00:00+00:00,2026-03-27 02:00:00+09:00,2026-03-27,02:00,2026-03-27 02:00 KST,1639.63,112772315.46
2026-03-26 18:00:00+00:00,2026-03-27 03:00:00+09:00,2026-03-27,03:00,2026-03-27 03:00 KST,2064.4,141039395.44
2026-03-26 19:00:00+00:00,2026-03-27 04:00:00+09:00,2026-03-27,04:00,2026-03-27 04:00 KST,1328.09,90962909.24
2026-03-26 20:00:00+00:00,2026-03-27 05:00:00+09:00,2026-03-27,05:00,2026-03-27 05:00 KST,2040.09,140825831.69
2026-03-26 21:00:00+00:00,2026-03-27 06:00:00+09:00,2026-03-27,06:00,2026-03-27 06:00 KST,757.39,52226669.35
2026-03-26 22:00:00+00:00,2026-03-27 07:00:00+09:00,2026-03-27,07:00,2026-03-27 07:00 KST,821.79,56542897.35
2026-03-26 23:00:00+00:00,2026-03-27 08:00:00+09:00,2026-03-27,08:00,2026-03-27 08:00 KST,876.95,60278308.78
2026-03-27 00:00:00+00:00,2026-03-27 09:00:00+09:00,2026-03-27,09:00,2026-03-27 09:00 KST,902.03,61995959.21
2026-03-27 01:00:00+00:00,2026-03-27 10:00:00+09:00,2026-03-27,10:00,2026-03-27 10:00 KST,604.89,41640977.51
2026-03-27 02:00:00+00:00,2026-03-27 11:00:00+09:00,2026-03-27,11:00,2026-03-27 11:00 KST,539.55,37210414.87
2026-03-27 03:00:00+00:00,2026-03-27 12:00:00+09:00,2026-03-27,12:00,2026-03-27 12:00 KST,562.18,38658303.38
2026-03-27 04:00:00+00:00,2026-03-27 13:00:00+09:00,2026-03-27,13:00,2026-03-27 13:00 KST,864.67,59222092.76
2026-03-27 05:00:00+00:00,2026-03-27 14:00:00+09:00,2026-03-27,14:00,2026-03-27 14:00 KST,572.62,39294044.01
2026-03-27 06:00:00+00:00,2026-03-27 15:00:00+09:00,2026-03-27,15:00,2026-03-27 15:00 KST,470.54,32324283.54
2026-03-27 07:00:00+00:00,2026-03-27 16:00:00+09:00,2026-03-27,16:00,2026-03-27 16:00 KST,1350.36,92689905.87
2026-03-27 08:00:00+00:00,2026-03-27 17:00:00+09:00,2026-03-27,17:00,2026-03-27 17:00 KST,1584.9,107773818.07
2026-03-27 09:00:00+00:00,2026-03-27 18:00:00+09:00,2026-03-27,18:00,2026-03-27 18:00 KST,1110.34,75238656.7
2026-03-27 10:00:00+00:00,2026-03-27 19:00:00+09:00,2026-03-27,19:00,2026-03-27 19:00 KST,2508.4,168105050.12
2026-03-27 11:00:00+00:00,2026-03-27 20:00:00+09:00,2026-03-27,20:00,2026-03-27 20:00 KST,1284.44,85499309.39
2026-03-27 12:00:00+00:00,2026-03-27 21:00:00+09:00,2026-03-27,21:00,2026-03-27 21:00 KST,1284.36,85515095.05
2026-03-27 13:00:00+00:00,2026-03-27 22:00:00+09:00,2026-03-27,22:00,2026-03-27 22:00 KST,3105.63,206226741.9
2026-03-27 14:00:00+00:00,2026-03-27 23:00:00+09:00,2026-03-27,23:00,2026-03-27 23:00 KST,3866.82,255118015.49
2026-03-27 15:00:00+00:00,2026-03-28 00:00:00+09:00,2026-03-28,00:00,2026-03-28 00:00 KST,3164.34,209607365.25
2026-03-27 16:00:00+00:00,2026-03-28 01:00:00+09:00,2026-03-28,01:00,2026-03-28 01:00 KST,2079.04,137027019.78
2026-03-27 17:00:00+00:00,2026-03-28 02:00:00+09:00,2026-03-28,02:00,2026-03-28 02:00 KST,1894.75,124783311.5
2026-03-27 18:00:00+00:00,2026-03-28 03:00:00+09:00,2026-03-28,03:00,2026-03-28 03:00 KST,2076.56,136437262.38
2026-03-27 19:00:00+00:00,2026-03-28 04:00:00+09:00,2026-03-28,04:00,2026-03-28 04:00 KST,2164.91,142666966.65
2026-03-27 20:00:00+00:00,2026-03-28 05:00:00+09:00,2026-03-28,05:00,2026-03-28 05:00 KST,1232.87,81308319.74
2026-03-27 21:00:00+00:00,2026-03-28 06:00:00+09:00,2026-03-28,06:00,2026-03-28 06:00 KST,686.01,45320698.56
2026-03-27 22:00:00+00:00,2026-03-28 07:00:00+09:00,2026-03-28,07:00,2026-03-28 07:00 KST,442.77,29207942.68
2026-03-27 23:00:00+00:00,2026-03-28 08:00:00+09:00,2026-03-28,08:00,2026-03-28 08:00 KST,582.43,38538307.07
2026-03-28 00:00:00+00:00,2026-03-28 09:00:00+09:00,2026-03-28,09:00,2026-03-28 09:00 KST,631.49,41912386.89
2026-03-28 01:00:00+00:00,2026-03-28 10:00:00+09:00,2026-03-28,10:00,2026-03-28 10:00 KST,733.22,48506712.44
2026-03-28 02:00:00+00:00,2026-03-28 11:00:00+09:00,2026-03-28,11:00,2026-03-28 11:00 KST,532.88,35192368.28
2026-03-28 03:00:00+00:00,2026-03-28 12:00:00+09:00,2026-03-28,12:00,2026-03-28 12:00 KST,370.04,24472553.37
2026-03-28 04:00:00+00:00,2026-03-28 13:00:00+09:00,2026-03-28,13:00,2026-03-28 13:00 KST,297.94,19720565.66
2026-03-28 05:00:00+00:00,2026-03-28 14:00:00+09:00,2026-03-28,14:00,2026-03-28 14:00 KST,314.03,20810762.18
2026-03-28 06:00:00+00:00,2026-03-28 15:00:00+09:00,2026-03-28,15:00,2026-03-28 15:00 KST,360.18,23908802.17
2026-03-28 07:00:00+00:00,2026-03-28 16:00:00+09:00,2026-03-28,16:00,2026-03-28 16:00 KST,287.0,19063344.48
2026-03-28 08:00:00+00:00,2026-03-28 17:00:00+09:00,2026-03-28,17:00,2026-03-28 17:00 KST,389.64,25890901.86
2026-03-28 09:00:00+00:00,2026-03-28 18:00:00+09:00,2026-03-28,18:00,2026-03-28 18:00 KST,305.79,20270727.45
2026-03-28 10:00:00+00:00,2026-03-28 19:00:00+09:00,2026-03-28,19:00,2026-03-28 19:00 KST,265.44,17576712.0
2026-03-28 11:00:00+00:00,2026-03-28 20:00:00+09:00,2026-03-28,20:00,2026-03-28 20:00 KST,305.71,20254932.65
2026-03-28 12:00:00+00:00,2026-03-28 21:00:00+09:00,2026-03-28,21:00,2026-03-28 21:00 KST,426.58,28308751.66
2026-03-28 13:00:00+00:00,2026-03-28 22:00:00+09:00,2026-03-28,22:00,2026-03-28 22:00 KST,1305.46,87097653.54
2026-03-28 14:00:00+00:00,2026-03-28 23:00:00+09:00,2026-03-28,23:00,2026-03-28 23:00 KST,757.92,50603092.33
2026-03-28 15:00:00+00:00,2026-03-29 00:00:00+09:00,2026-03-29,00:00,2026-03-29 00:00 KST,972.83,65199154.7
2026-03-28 16:00:00+00:00,2026-03-29 01:00:00+09:00,2026-03-29,01:00,2026-03-29 01:00 KST,555.7,37198587.7
2026-03-28 17:00:00+00:00,2026-03-29 02:00:00+09:00,2026-03-29,02:00,2026-03-29 02:00 KST,480.98,32129175.78
2026-03-28 18:00:00+00:00,2026-03-29 03:00:00+09:00,2026-03-29,03:00,2026-03-29 03:00 KST,403.18,26956277.65
2026-03-28 19:00:00+00:00,2026-03-29 04:00:00+09:00,2026-03-29,04:00,2026-03-29 04:00 KST,327.35,21878576.84
2026-03-28 20:00:00+00:00,2026-03-29 05:00:00+09:00,2026-03-29,05:00,2026-03-29 05:00 KST,525.65,35170950.54
2026-03-28 21:00:00+00:00,2026-03-29 06:00:00+09:00,2026-03-29,06:00,2026-03-29 06:00 KST,399.34,26659208.33
2026-03-28 22:00:00+00:00,2026-03-29 07:00:00+09:00,2026-03-29,07:00,2026-03-29 07:00 KST,396.41,26430862.42
2026-03-28 23:00:00+00:00,2026-03-29 08:00:00+09:00,2026-03-29,08:00,2026-03-29 08:00 KST,700.97,46533989.62
2026-03-29 00:00:00+00:00,2026-03-29 09:00:00+09:00,2026-03-29,09:00,2026-03-29 09:00 KST,511.2,33925602.51
2026-03-29 01:00:00+00:00,2026-03-29 10:00:00+09:00,2026-03-29,10:00,2026-03-29 10:00 KST,544.6,36201579.25
2026-03-29 02:00:00+00:00,2026-03-29 11:00:00+09:00,2026-03-29,11:00,2026-03-29 11:00 KST,518.88,34567889.9
2026-03-29 03:00:00+00:00,2026-03-29 12:00:00+09:00,2026-03-29,12:00,2026-03-29 12:00 KST,531.64,35560980.07
2026-03-29 04:00:00+00:00,2026-03-29 13:00:00+09:00,2026-03-29,13:00,2026-03-29 13:00 KST,232.7,15541312.52
2026-03-29 05:00:00+00:00,2026-03-29 14:00:00+09:00,2026-03-29,14:00,2026-03-29 14:00 KST,334.69,22306944.79
2026-03-29 06:00:00+00:00,2026-03-29 15:00:00+09:00,2026-03-29,15:00,2026-03-29 15:00 KST,235.58,15714844.37
2026-03-29 07:00:00+00:00,2026-03-29 16:00:00+09:00,2026-03-29,16:00,2026-03-29 16:00 KST,247.64,16493052.97
2026-03-29 08:00:00+00:00,2026-03-29 17:00:00+09:00,2026-03-29,17:00,2026-03-29 17:00 KST,266.32,17752655.4
2026-03-29 09:00:00+00:00,2026-03-29 18:00:00+09:00,2026-03-29,18:00,2026-03-29 18:00 KST,325.89,21704811.59
2026-03-29 10:00:00+00:00,2026-03-29 19:00:00+09:00,2026-03-29,19:00,2026-03-29 19:00 KST,367.95,24454447.89
2026-03-29 11:00:00+00:00,2026-03-29 20:00:00+09:00,2026-03-29,20:00,2026-03-29 20:00 KST,440.28,29393243.42
2026-03-29 12:00:00+00:00,2026-03-29 21:00:00+09:00,2026-03-29,21:00,2026-03-29 21:00 KST,373.64,24937659.42
2026-03-29 13:00:00+00:00,2026-03-29 22:00:00+09:00,2026-03-29,22:00,2026-03-29 22:00 KST,522.42,34789165.95
2026-03-29 14:00:00+00:00,2026-03-29 23:00:00+09:00,2026-03-29,23:00,2026-03-29 23:00 KST,585.91,38980605.01
2026-03-29 15:00:00+00:00,2026-03-30 00:00:00+09:00,2026-03-30,00:00,2026-03-30 00:00 KST,733.05,48723564.46
2026-03-29 16:00:00+00:00,2026-03-30 01:00:00+09:00,2026-03-30,01:00,2026-03-30 01:00 KST,640.58,42597700.0
2026-03-29 17:00:00+00:00,2026-03-30 02:00:00+09:00,2026-03-30,02:00,2026-03-30 02:00 KST,641.36,42510312.03
2026-03-29 18:00:00+00:00,2026-03-30 03:00:00+09:00,2026-03-30,03:00,2026-03-30 03:00 KST,311.44,20671991.55
2026-03-29 19:00:00+00:00,2026-03-30 04:00:00+09:00,2026-03-30,04:00,2026-03-30 04:00 KST,394.39,26174805.97
2026-03-29 20:00:00+00:00,2026-03-30 05:00:00+09:00,2026-03-30,05:00,2026-03-30 05:00 KST,686.47,45684273.05
2026-03-29 21:00:00+00:00,2026-03-30 06:00:00+09:00,2026-03-30,06:00,2026-03-30 06:00 KST,439.03,29231428.45
2026-03-29 22:00:00+00:00,2026-03-30 07:00:00+09:00,2026-03-30,07:00,2026-03-30 07:00 KST,2995.96,196726377.4
2026-03-29 23:00:00+00:00,2026-03-30 08:00:00+09:00,2026-03-30,08:00,2026-03-30 08:00 KST,1981.02,130748404.11
2026-03-30 00:00:00+00:00,2026-03-30 09:00:00+09:00,2026-03-30,09:00,2026-03-30 09:00 KST,2496.25,165708851.38
2026-03-30 01:00:00+00:00,2026-03-30 10:00:00+09:00,2026-03-30,10:00,2026-03-30 10:00 KST,1524.77,101416829.36
2026-03-30 02:00:00+00:00,2026-03-30 11:00:00+09:00,2026-03-30,11:00,2026-03-30 11:00 KST,2111.81,141360746.56
2026-03-30 03:00:00+00:00,2026-03-30 12:00:00+09:00,2026-03-30,12:00,2026-03-30 12:00 KST,1136.04,76210402.77
2026-03-30 04:00:00+00:00,2026-03-30 13:00:00+09:00,2026-03-30,13:00,2026-03-30 13:00 KST,1229.93,82898964.11
2026-03-30 05:00:00+00:00,2026-03-30 14:00:00+09:00,2026-03-30,14:00,2026-03-30 14:00 KST,1069.55,72265103.25
2026-03-30 06:00:00+00:00,2026-03-30 15:00:00+09:00,2026-03-30,15:00,2026-03-30 15:00 KST,910.6,61313092.97
2026-03-30 07:00:00+00:00,2026-03-30 16:00:00+09:00,2026-03-30,16:00,2026-03-30 16:00 KST,899.79,60606055.12
2026-03-30 08:00:00+00:00,2026-03-30 17:00:00+09:00,2026-03-30,17:00,2026-03-30 17:00 KST,1312.68,88911877.0
2026-03-30 09:00:00+00:00,2026-03-30 18:00:00+09:00,2026-03-30,18:00,2026-03-30 18:00 KST,834.08,56309506.06
2026-03-30 10:00:00+00:00,2026-03-30 19:00:00+09:00,2026-03-30,19:00,2026-03-30 19:00 KST,787.45,53067725.04
2026-03-30 11:00:00+00:00,2026-03-30 20:00:00+09:00,2026-03-30,20:00,2026-03-30 20:00 KST,1253.67,84766155.93
2026-03-30 12:00:00+00:00,2026-03-30 21:00:00+09:00,2026-03-30,21:00,2026-03-30 21:00 KST,1183.71,80272439.85
2026-03-30 13:00:00+00:00,2026-03-30 22:00:00+09:00,2026-03-30,22:00,2026-03-30 22:00 KST,2619.02,177542486.89
2026-03-30 14:00:00+00:00,2026-03-30 23:00:00+09:00,2026-03-30,23:00,2026-03-30 23:00 KST,2873.07,193667247.21
2026-03-30 15:00:00+00:00,2026-03-31 00:00:00+09:00,2026-03-31,00:00,2026-03-31 00:00 KST,1937.34,131047470.65
2026-03-30 16:00:00+00:00,2026-03-31 01:00:00+09:00,2026-03-31,01:00,2026-03-31 01:00 KST,1492.26,100507964.65
2026-03-30 17:00:00+00:00,2026-03-31 02:00:00+09:00,2026-03-31,02:00,2026-03-31 02:00 KST,1971.53,131920743.85
2026-03-30 18:00:00+00:00,2026-03-31 03:00:00+09:00,2026-03-31,03:00,2026-03-31 03:00 KST,1389.39,92629331.9
2026-03-30 19:00:00+00:00,2026-03-31 04:00:00+09:00,2026-03-31,04:00,2026-03-31 04:00 KST,2136.86,141799971.45
2026-03-30 20:00:00+00:00,2026-03-31 05:00:00+09:00,2026-03-31,05:00,2026-03-31 05:00 KST,665.37,44298359.87
2026-03-30 21:00:00+00:00,2026-03-31 06:00:00+09:00,2026-03-31,06:00,2026-03-31 06:00 KST,848.04,56640588.41
2026-03-30 22:00:00+00:00,2026-03-31 07:00:00+09:00,2026-03-31,07:00,2026-03-31 07:00 KST,624.86,41715723.41
2026-03-30 23:00:00+00:00,2026-03-31 08:00:00+09:00,2026-03-31,08:00,2026-03-31 08:00 KST,713.75,47507395.3
2026-03-31 00:00:00+00:00,2026-03-31 09:00:00+09:00,2026-03-31,09:00,2026-03-31 09:00 KST,1501.69,100410929.77
2026-03-31 01:00:00+00:00,2026-03-31 10:00:00+09:00,2026-03-31,10:00,2026-03-31 10:00 KST,2172.72,147244429.85
2026-03-31 02:00:00+00:00,2026-03-31 11:00:00+09:00,2026-03-31,11:00,2026-03-31 11:00 KST,876.59,59539036.35
2026-03-31 03:00:00+00:00,2026-03-31 12:00:00+09:00,2026-03-31,12:00,2026-03-31 12:00 KST,650.03,44053166.36
2026-03-31 04:00:00+00:00,2026-03-31 13:00:00+09:00,2026-03-31,13:00,2026-03-31 13:00 KST,877.68,59331172.13
2026-03-31 05:00:00+00:00,2026-03-31 14:00:00+09:00,2026-03-31,14:00,2026-03-31 14:00 KST,1102.48,74453422.31
2026-03-31 06:00:00+00:00,2026-03-31 15:00:00+09:00,2026-03-31,15:00,2026-03-31 15:00 KST,936.48,63141744.54
2026-03-31 07:00:00+00:00,2026-03-31 16:00:00+09:00,2026-03-31,16:00,2026-03-31 16:00 KST,998.26,67130088.91
2026-03-31 08:00:00+00:00,2026-03-31 17:00:00+09:00,2026-03-31,17:00,2026-03-31 17:00 KST,1226.9,82242413.39
2026-03-31 09:00:00+00:00,2026-03-31 18:00:00+09:00,2026-03-31,18:00,2026-03-31 18:00 KST,1809.11,120190982.26
2026-03-31 10:00:00+00:00,2026-03-31 19:00:00+09:00,2026-03-31,19:00,2026-03-31 19:00 KST,953.13,63177446.62
2026-03-31 11:00:00+00:00,2026-03-31 20:00:00+09:00,2026-03-31,20:00,2026-03-31 20:00 KST,1265.68,84245102.85
2026-03-31 12:00:00+00:00,2026-03-31 21:00:00+09:00,2026-03-31,21:00,2026-03-31 21:00 KST,1281.95,85488743.52
2026-03-31 13:00:00+00:00,2026-03-31 22:00:00+09:00,2026-03-31,22:00,2026-03-31 22:00 KST,2015.4,135015649.17
2026-03-31 14:00:00+00:00,2026-03-31 23:00:00+09:00,2026-03-31,23:00,2026-03-31 23:00 KST,3098.11,208117869.3
2026-03-31 15:00:00+00:00,2026-04-01 00:00:00+09:00,2026-04-01,00:00,2026-04-01 00:00 KST,1904.63,127496849.33
2026-03-31 16:00:00+00:00,2026-04-01 01:00:00+09:00,2026-04-01,01:00,2026-04-01 01:00 KST,2497.1,168329744.5
2026-03-31 17:00:00+00:00,2026-04-01 02:00:00+09:00,2026-04-01,02:00,2026-04-01 02:00 KST,3528.16,239514125.71
2026-03-31 18:00:00+00:00,2026-04-01 03:00:00+09:00,2026-04-01,03:00,2026-04-01 03:00 KST,1308.83,88607550.64
2026-03-31 19:00:00+00:00,2026-04-01 04:00:00+09:00,2026-04-01,04:00,2026-04-01 04:00 KST,1297.82,88032133.78
2026-03-31 20:00:00+00:00,2026-04-01 05:00:00+09:00,2026-04-01,05:00,2026-04-01 05:00 KST,1081.01,73525856.09
2026-03-31 21:00:00+00:00,2026-04-01 06:00:00+09:00,2026-04-01,06:00,2026-04-01 06:00 KST,884.44,60196351.21
2026-03-31 22:00:00+00:00,2026-04-01 07:00:00+09:00,2026-04-01,07:00,2026-04-01 07:00 KST,824.98,56194171.91
2026-03-31 23:00:00+00:00,2026-04-01 08:00:00+09:00,2026-04-01,08:00,2026-04-01 08:00 KST,555.91,37920646.07
2026-04-01 00:00:00+00:00,2026-04-01 09:00:00+09:00,2026-04-01,09:00,2026-04-01 09:00 KST,814.32,55416137.45
2026-04-01 01:00:00+00:00,2026-04-01 10:00:00+09:00,2026-04-01,10:00,2026-04-01 10:00 KST,896.66,60961118.89
2026-04-01 02:00:00+00:00,2026-04-01 11:00:00+09:00,2026-04-01,11:00,2026-04-01 11:00 KST,903.09,61130616.74
2026-04-01 03:00:00+00:00,2026-04-01 12:00:00+09:00,2026-04-01,12:00,2026-04-01 12:00 KST,706.85,48032286.68
2026-04-01 04:00:00+00:00,2026-04-01 13:00:00+09:00,2026-04-01,13:00,2026-04-01 13:00 KST,614.73,41894854.15
2026-04-01 05:00:00+00:00,2026-04-01 14:00:00+09:00,2026-04-01,14:00,2026-04-01 14:00 KST,801.73,54884668.24
2026-04-01 06:00:00+00:00,2026-04-01 15:00:00+09:00,2026-04-01,15:00,2026-04-01 15:00 KST,1254.51,86407182.29
2026-04-01 07:00:00+00:00,2026-04-01 16:00:00+09:00,2026-04-01,16:00,2026-04-01 16:00 KST,914.51,63084211.84
2026-04-01 08:00:00+00:00,2026-04-01 17:00:00+09:00,2026-04-01,17:00,2026-04-01 17:00 KST,699.64,48019918.53
2026-04-01 09:00:00+00:00,2026-04-01 18:00:00+09:00,2026-04-01,18:00,2026-04-01 18:00 KST,496.21,34000440.96
2026-04-01 10:00:00+00:00,2026-04-01 19:00:00+09:00,2026-04-01,19:00,2026-04-01 19:00 KST,498.8,34173918.37
2026-04-01 11:00:00+00:00,2026-04-01 20:00:00+09:00,2026-04-01,20:00,2026-04-01 20:00 KST,504.9,34623584.18
2026-04-01 12:00:00+00:00,2026-04-01 21:00:00+09:00,2026-04-01,21:00,2026-04-01 21:00 KST,1365.31,93472907.31
2026-04-01 13:00:00+00:00,2026-04-01 22:00:00+09:00,2026-04-01,22:00,2026-04-01 22:00 KST,1889.43,129003565.44
2026-04-01 14:00:00+00:00,2026-04-01 23:00:00+09:00,2026-04-01,23:00,2026-04-01 23:00 KST,1970.35,134669608.77
2026-04-01 15:00:00+00:00,2026-04-02 00:00:00+09:00,2026-04-02,00:00,2026-04-02 00:00 KST,1445.66,99298828.32
2026-04-01 16:00:00+00:00,2026-04-02 01:00:00+09:00,2026-04-02,01:00,2026-04-02 01:00 KST,1014.73,69823634.43
2026-04-01 17:00:00+00:00,2026-04-02 02:00:00+09:00,2026-04-02,02:00,2026-04-02 02:00 KST,1310.69,89889052.62
2026-04-01 18:00:00+00:00,2026-04-02 03:00:00+09:00,2026-04-02,03:00,2026-04-02 03:00 KST,1815.04,123600108.43
2026-04-01 19:00:00+00:00,2026-04-02 04:00:00+09:00,2026-04-02,04:00,2026-04-02 04:00 KST,1353.25,92222825.36
2026-04-01 20:00:00+00:00,2026-04-02 05:00:00+09:00,2026-04-02,05:00,2026-04-02 05:00 KST,904.5,61604323.26
2026-04-01 21:00:00+00:00,2026-04-02 06:00:00+09:00,2026-04-02,06:00,2026-04-02 06:00 KST,804.09,54958177.19
2026-04-01 22:00:00+00:00,2026-04-02 07:00:00+09:00,2026-04-02,07:00,2026-04-02 07:00 KST,627.81,42814270.07
2026-04-01 23:00:00+00:00,2026-04-02 08:00:00+09:00,2026-04-02,08:00,2026-04-02 08:00 KST,627.8,42770526.77
2026-04-02 00:00:00+00:00,2026-04-02 09:00:00+09:00,2026-04-02,09:00,2026-04-02 09:00 KST,930.88,63602599.04
2026-04-02 01:00:00+00:00,2026-04-02 10:00:00+09:00,2026-04-02,10:00,2026-04-02 10:00 KST,3400.27,229877349.84
2026-04-02 02:00:00+00:00,2026-04-02 11:00:00+09:00,2026-04-02,11:00,2026-04-02 11:00 KST,1882.03,125991999.05
2026-04-02 03:00:00+00:00,2026-04-02 12:00:00+09:00,2026-04-02,12:00,2026-04-02 12:00 KST,1189.32,79346179.73
2026-04-02 04:00:00+00:00,2026-04-02 13:00:00+09:00,2026-04-02,13:00,2026-04-02 13:00 KST,1111.38,73804792.24
2026-04-02 05:00:00+00:00,2026-04-02 14:00:00+09:00,2026-04-02,14:00,2026-04-02 14:00 KST,794.82,52815636.45
2026-04-02 06:00:00+00:00,2026-04-02 15:00:00+09:00,2026-04-02,15:00,2026-04-02 15:00 KST,597.93,39845989.02
2026-04-02 07:00:00+00:00,2026-04-02 16:00:00+09:00,2026-04-02,16:00,2026-04-02 16:00 KST,402.85,26886713.18
2026-04-02 08:00:00+00:00,2026-04-02 17:00:00+09:00,2026-04-02,17:00,2026-04-02 17:00 KST,555.85,37025912.34
2026-04-02 09:00:00+00:00,2026-04-02 18:00:00+09:00,2026-04-02,18:00,2026-04-02 18:00 KST,385.98,25631091.44
2026-04-02 10:00:00+00:00,2026-04-02 19:00:00+09:00,2026-04-02,19:00,2026-04-02 19:00 KST,516.24,34260223.85
2026-04-02 11:00:00+00:00,2026-04-02 20:00:00+09:00,2026-04-02,20:00,2026-04-02 20:00 KST,693.32,45982690.69
2026-04-02 12:00:00+00:00,2026-04-02 21:00:00+09:00,2026-04-02,21:00,2026-04-02 21:00 KST,1101.27,72798300.02
2026-04-02 13:00:00+00:00,2026-04-02 22:00:00+09:00,2026-04-02,22:00,2026-04-02 22:00 KST,2070.98,136637528.77
2026-04-02 14:00:00+00:00,2026-04-02 23:00:00+09:00,2026-04-02,23:00,2026-04-02 23:00 KST,2670.31,178006722.54
2026-04-02 15:00:00+00:00,2026-04-03 00:00:00+09:00,2026-04-03,00:00,2026-04-03 00:00 KST,1216.74,81285641.64
2026-04-02 16:00:00+00:00,2026-04-03 01:00:00+09:00,2026-04-03,01:00,2026-04-03 01:00 KST,1316.7,88237185.85
2026-04-02 17:00:00+00:00,2026-04-03 02:00:00+09:00,2026-04-03,02:00,2026-04-03 02:00 KST,1520.3,101956359.38
2026-04-02 18:00:00+00:00,2026-04-03 03:00:00+09:00,2026-04-03,03:00,2026-04-03 03:00 KST,952.37,63587500.76
2026-04-02 19:00:00+00:00,2026-04-03 04:00:00+09:00,2026-04-03,04:00,2026-04-03 04:00 KST,841.93,56408530.49
2026-04-02 20:00:00+00:00,2026-04-03 05:00:00+09:00,2026-04-03,05:00,2026-04-03 05:00 KST,697.89,46718768.49
2026-04-02 21:00:00+00:00,2026-04-03 06:00:00+09:00,2026-04-03,06:00,2026-04-03 06:00 KST,409.31,27368558.54
2026-04-02 22:00:00+00:00,2026-04-03 07:00:00+09:00,2026-04-03,07:00,2026-04-03 07:00 KST,517.21,34630814.68
2026-04-02 23:00:00+00:00,2026-04-03 08:00:00+09:00,2026-04-03,08:00,2026-04-03 08:00 KST,506.01,33872257.47
2026-04-03 00:00:00+00:00,2026-04-03 09:00:00+09:00,2026-04-03,09:00,2026-04-03 09:00 KST,523.08,34964870.95
2026-04-03 01:00:00+00:00,2026-04-03 10:00:00+09:00,2026-04-03,10:00,2026-04-03 10:00 KST,733.36,48894737.87
2026-04-03 02:00:00+00:00,2026-04-03 11:00:00+09:00,2026-04-03,11:00,2026-04-03 11:00 KST,906.15,60234643.08
2026-04-03 03:00:00+00:00,2026-04-03 12:00:00+09:00,2026-04-03,12:00,2026-04-03 12:00 KST,517.87,34491535.95
2026-04-03 04:00:00+00:00,2026-04-03 13:00:00+09:00,2026-04-03,13:00,2026-04-03 13:00 KST,318.76,21228527.99
2026-04-03 05:00:00+00:00,2026-04-03 14:00:00+09:00,2026-04-03,14:00,2026-04-03 14:00 KST,453.87,30243269.12
2026-04-03 06:00:00+00:00,2026-04-03 15:00:00+09:00,2026-04-03,15:00,2026-04-03 15:00 KST,347.41,23167179.5
2026-04-03 07:00:00+00:00,2026-04-03 16:00:00+09:00,2026-04-03,16:00,2026-04-03 16:00 KST,640.29,42899347.69
2026-04-03 08:00:00+00:00,2026-04-03 17:00:00+09:00,2026-04-03,17:00,2026-04-03 17:00 KST,442.02,29652337.59
2026-04-03 09:00:00+00:00,2026-04-03 18:00:00+09:00,2026-04-03,18:00,2026-04-03 18:00 KST,297.47,19885736.45
2026-04-03 10:00:00+00:00,2026-04-03 19:00:00+09:00,2026-04-03,19:00,2026-04-03 19:00 KST,287.62,19214467.38
2026-04-03 11:00:00+00:00,2026-04-03 20:00:00+09:00,2026-04-03,20:00,2026-04-03 20:00 KST,329.69,22068863.11
2026-04-03 12:00:00+00:00,2026-04-03 21:00:00+09:00,2026-04-03,21:00,2026-04-03 21:00 KST,1041.92,69772338.16
2026-04-03 13:00:00+00:00,2026-04-03 22:00:00+09:00,2026-04-03,22:00,2026-04-03 22:00 KST,720.76,48030913.14
2026-04-03 14:00:00+00:00,2026-04-03 23:00:00+09:00,2026-04-03,23:00,2026-04-03 23:00 KST,754.01,50392069.35
2026-04-03 15:00:00+00:00,2026-04-04 00:00:00+09:00,2026-04-04,00:00,2026-04-04 00:00 KST,794.76,53156808.07
2026-04-03 16:00:00+00:00,2026-04-04 01:00:00+09:00,2026-04-04,01:00,2026-04-04 01:00 KST,677.48,45354989.59
2026-04-03 17:00:00+00:00,2026-04-04 02:00:00+09:00,2026-04-04,02:00,2026-04-04 02:00 KST,758.56,50748568.53
2026-04-03 18:00:00+00:00,2026-04-04 03:00:00+09:00,2026-04-04,03:00,2026-04-04 03:00 KST,414.19,27689316.19
2026-04-03 19:00:00+00:00,2026-04-04 04:00:00+09:00,2026-04-04,04:00,2026-04-04 04:00 KST,480.02,32069777.69
2026-04-03 20:00:00+00:00,2026-04-04 05:00:00+09:00,2026-04-04,05:00,2026-04-04 05:00 KST,386.8,25866913.57
2026-04-03 21:00:00+00:00,2026-04-04 06:00:00+09:00,2026-04-04,06:00,2026-04-04 06:00 KST,281.8,18849730.92
2026-04-03 22:00:00+00:00,2026-04-04 07:00:00+09:00,2026-04-04,07:00,2026-04-04 07:00 KST,290.04,19404116.45
2026-04-03 23:00:00+00:00,2026-04-04 08:00:00+09:00,2026-04-04,08:00,2026-04-04 08:00 KST,309.94,20726536.87
2026-04-04 00:00:00+00:00,2026-04-04 09:00:00+09:00,2026-04-04,09:00,2026-04-04 09:00 KST,202.41,13543924.74
2026-04-04 01:00:00+00:00,2026-04-04 10:00:00+09:00,2026-04-04,10:00,2026-04-04 10:00 KST,243.6,16286312.82
2026-04-04 02:00:00+00:00,2026-04-04 11:00:00+09:00,2026-04-04,11:00,2026-04-04 11:00 KST,157.98,10558769.23
2026-04-04 03:00:00+00:00,2026-04-04 12:00:00+09:00,2026-04-04,12:00,2026-04-04 12:00 KST,112.41,7515444.2
2026-04-04 04:00:00+00:00,2026-04-04 13:00:00+09:00,2026-04-04,13:00,2026-04-04 13:00 KST,137.22,9170481.98
2026-04-04 05:00:00+00:00,2026-04-04 14:00:00+09:00,2026-04-04,14:00,2026-04-04 14:00 KST,349.04,23346383.47
2026-04-04 06:00:00+00:00,2026-04-04 15:00:00+09:00,2026-04-04,15:00,2026-04-04 15:00 KST,242.73,16252399.99
2026-04-04 07:00:00+00:00,2026-04-04 16:00:00+09:00,2026-04-04,16:00,2026-04-04 16:00 KST,263.9,17673776.1
2026-04-04 08:00:00+00:00,2026-04-04 17:00:00+09:00,2026-04-04,17:00,2026-04-04 17:00 KST,170.18,11400724.39
2026-04-04 09:00:00+00:00,2026-04-04 18:00:00+09:00,2026-04-04,18:00,2026-04-04 18:00 KST,216.53,14498724.73
2026-04-04 10:00:00+00:00,2026-04-04 19:00:00+09:00,2026-04-04,19:00,2026-04-04 19:00 KST,269.23,18047838.65
2026-04-04 11:00:00+00:00,2026-04-04 20:00:00+09:00,2026-04-04,20:00,2026-04-04 20:00 KST,245.19,16460936.49
2026-04-04 12:00:00+00:00,2026-04-04 21:00:00+09:00,2026-04-04,21:00,2026-04-04 21:00 KST,169.32,11361311.32
2026-04-04 13:00:00+00:00,2026-04-04 22:00:00+09:00,2026-04-04,22:00,2026-04-04 22:00 KST,305.74,20535542.95
2026-04-04 14:00:00+00:00,2026-04-04 23:00:00+09:00,2026-04-04,23:00,2026-04-04 23:00 KST,299.5,20108002.53
2026-04-04 15:00:00+00:00,2026-04-05 00:00:00+09:00,2026-04-05,00:00,2026-04-05 00:00 KST,626.13,42166613.13
2026-04-04 16:00:00+00:00,2026-04-05 01:00:00+09:00,2026-04-05,01:00,2026-04-05 01:00 KST,438.77,29575594.65
2026-04-04 17:00:00+00:00,2026-04-05 02:00:00+09:00,2026-04-05,02:00,2026-04-05 02:00 KST,314.88,21205803.55
2026-04-04 18:00:00+00:00,2026-04-05 03:00:00+09:00,2026-04-05,03:00,2026-04-05 03:00 KST,204.11,13739162.23
2026-04-04 19:00:00+00:00,2026-04-05 04:00:00+09:00,2026-04-05,04:00,2026-04-05 04:00 KST,303.81,20469062.77
2026-04-04 20:00:00+00:00,2026-04-05 05:00:00+09:00,2026-04-05,05:00,2026-04-05 05:00 KST,310.39,20874103.93
2026-04-04 21:00:00+00:00,2026-04-05 06:00:00+09:00,2026-04-05,06:00,2026-04-05 06:00 KST,282.19,18993768.07
2026-04-04 22:00:00+00:00,2026-04-05 07:00:00+09:00,2026-04-05,07:00,2026-04-05 07:00 KST,261.78,17643019.46
2026-04-04 23:00:00+00:00,2026-04-05 08:00:00+09:00,2026-04-05,08:00,2026-04-05 08:00 KST,317.24,21354752.32
2026-04-05 00:00:00+00:00,2026-04-05 09:00:00+09:00,2026-04-05,09:00,2026-04-05 09:00 KST,284.27,19110517.33
2026-04-05 01:00:00+00:00,2026-04-05 10:00:00+09:00,2026-04-05,10:00,2026-04-05 10:00 KST,272.29,18278225.69
2026-04-05 02:00:00+00:00,2026-04-05 11:00:00+09:00,2026-04-05,11:00,2026-04-05 11:00 KST,280.07,18780280.65
2026-04-05 03:00:00+00:00,2026-04-05 12:00:00+09:00,2026-04-05,12:00,2026-04-05 12:00 KST,117.06,7858942.92
2026-04-05 04:00:00+00:00,2026-04-05 13:00:00+09:00,2026-04-05,13:00,2026-04-05 13:00 KST,118.75,7969712.22
2026-04-05 05:00:00+00:00,2026-04-05 14:00:00+09:00,2026-04-05,14:00,2026-04-05 14:00 KST,218.79,14663769.44
2026-04-05 06:00:00+00:00,2026-04-05 15:00:00+09:00,2026-04-05,15:00,2026-04-05 15:00 KST,466.23,31128498.12
2026-04-05 07:00:00+00:00,2026-04-05 16:00:00+09:00,2026-04-05,16:00,2026-04-05 16:00 KST,205.38,13722647.84
2026-04-05 08:00:00+00:00,2026-04-05 17:00:00+09:00,2026-04-05,17:00,2026-04-05 17:00 KST,159.81,10685384.72
2026-04-05 09:00:00+00:00,2026-04-05 18:00:00+09:00,2026-04-05,18:00,2026-04-05 18:00 KST,163.38,10941450.96
2026-04-05 10:00:00+00:00,2026-04-05 19:00:00+09:00,2026-04-05,19:00,2026-04-05 19:00 KST,208.05,13942401.77
2026-04-05 11:00:00+00:00,2026-04-05 20:00:00+09:00,2026-04-05,20:00,2026-04-05 20:00 KST,213.27,14290523.13
2026-04-05 12:00:00+00:00,2026-04-05 21:00:00+09:00,2026-04-05,21:00,2026-04-05 21:00 KST,336.56,22483647.82
2026-04-05 13:00:00+00:00,2026-04-05 22:00:00+09:00,2026-04-05,22:00,2026-04-05 22:00 KST,266.72,17818844.23
2026-04-05 14:00:00+00:00,2026-04-05 23:00:00+09:00,2026-04-05,23:00,2026-04-05 23:00 KST,275.64,18439255.91
2026-04-05 15:00:00+00:00,2026-04-06 00:00:00+09:00,2026-04-06,00:00,2026-04-06 00:00 KST,1241.2,83631723.35
2026-04-05 16:00:00+00:00,2026-04-06 01:00:00+09:00,2026-04-06,01:00,2026-04-06 01:00 KST,453.13,30491125.54
2026-04-05 17:00:00+00:00,2026-04-06 02:00:00+09:00,2026-04-06,02:00,2026-04-06 02:00 KST,303.38,20412611.08
2026-04-05 18:00:00+00:00,2026-04-06 03:00:00+09:00,2026-04-06,03:00,2026-04-06 03:00 KST,310.3,20898317.97
2026-04-05 19:00:00+00:00,2026-04-06 04:00:00+09:00,2026-04-06,04:00,2026-04-06 04:00 KST,398.49,26859727.41
2026-04-05 20:00:00+00:00,2026-04-06 05:00:00+09:00,2026-04-06,05:00,2026-04-06 05:00 KST,461.68,31184358.49
2026-04-05 21:00:00+00:00,2026-04-06 06:00:00+09:00,2026-04-06,06:00,2026-04-06 06:00 KST,360.83,24365983.07
2026-04-05 22:00:00+00:00,2026-04-06 07:00:00+09:00,2026-04-06,07:00,2026-04-06 07:00 KST,1682.45,113978215.16
2026-04-05 23:00:00+00:00,2026-04-06 08:00:00+09:00,2026-04-06,08:00,2026-04-06 08:00 KST,1756.71,120813374.68
2026-04-06 00:00:00+00:00,2026-04-06 09:00:00+09:00,2026-04-06,09:00,2026-04-06 09:00 KST,1593.29,110368978.66
2026-04-06 01:00:00+00:00,2026-04-06 10:00:00+09:00,2026-04-06,10:00,2026-04-06 10:00 KST,732.06,50434764.05
2026-04-06 02:00:00+00:00,2026-04-06 11:00:00+09:00,2026-04-06,11:00,2026-04-06 11:00 KST,956.95,66176215.12
2026-04-06 03:00:00+00:00,2026-04-06 12:00:00+09:00,2026-04-06,12:00,2026-04-06 12:00 KST,579.1,40036266.01
2026-04-06 04:00:00+00:00,2026-04-06 13:00:00+09:00,2026-04-06,13:00,2026-04-06 13:00 KST,435.52,30085025.21
2026-04-06 05:00:00+00:00,2026-04-06 14:00:00+09:00,2026-04-06,14:00,2026-04-06 14:00 KST,293.28,20284413.19
2026-04-06 06:00:00+00:00,2026-04-06 15:00:00+09:00,2026-04-06,15:00,2026-04-06 15:00 KST,720.77,49753029.17
2026-04-06 07:00:00+00:00,2026-04-06 16:00:00+09:00,2026-04-06,16:00,2026-04-06 16:00 KST,463.38,31978066.89
2026-04-06 08:00:00+00:00,2026-04-06 17:00:00+09:00,2026-04-06,17:00,2026-04-06 17:00 KST,438.79,30367232.98
2026-04-06 09:00:00+00:00,2026-04-06 18:00:00+09:00,2026-04-06,18:00,2026-04-06 18:00 KST,1990.36,138976135.46
2026-04-06 10:00:00+00:00,2026-04-06 19:00:00+09:00,2026-04-06,19:00,2026-04-06 19:00 KST,695.89,48584217.9
2026-04-06 11:00:00+00:00,2026-04-06 20:00:00+09:00,2026-04-06,20:00,2026-04-06 20:00 KST,377.66,26305717.29
2026-04-06 12:00:00+00:00,2026-04-06 21:00:00+09:00,2026-04-06,21:00,2026-04-06 21:00 KST,722.97,50232951.14
2026-04-06 13:00:00+00:00,2026-04-06 22:00:00+09:00,2026-04-06,22:00,2026-04-06 22:00 KST,1350.9,93737603.37
2026-04-06 14:00:00+00:00,2026-04-06 23:00:00+09:00,2026-04-06,23:00,2026-04-06 23:00 KST,2299.55,159806963.59
2026-04-06 15:00:00+00:00,2026-04-07 00:00:00+09:00,2026-04-07,00:00,2026-04-07 00:00 KST,2072.04,144566851.42
2026-04-06 16:00:00+00:00,2026-04-07 01:00:00+09:00,2026-04-07,01:00,2026-04-07 01:00 KST,2601.74,182199355.44
2026-04-06 17:00:00+00:00,2026-04-07 02:00:00+09:00,2026-04-07,02:00,2026-04-07 02:00 KST,1889.7,131373811.88
2026-04-06 18:00:00+00:00,2026-04-07 03:00:00+09:00,2026-04-07,03:00,2026-04-07 03:00 KST,1311.43,91505194.24
2026-04-06 19:00:00+00:00,2026-04-07 04:00:00+09:00,2026-04-07,04:00,2026-04-07 04:00 KST,1352.62,94355872.85
2026-04-06 20:00:00+00:00,2026-04-07 05:00:00+09:00,2026-04-07,05:00,2026-04-07 05:00 KST,1278.08,89252127.89
2026-04-06 21:00:00+00:00,2026-04-07 06:00:00+09:00,2026-04-07,06:00,2026-04-07 06:00 KST,455.75,31727073.47
2026-04-06 22:00:00+00:00,2026-04-07 07:00:00+09:00,2026-04-07,07:00,2026-04-07 07:00 KST,1044.08,72289909.34
2026-04-06 23:00:00+00:00,2026-04-07 08:00:00+09:00,2026-04-07,08:00,2026-04-07 08:00 KST,1257.36,86300201.55
2026-04-07 00:00:00+00:00,2026-04-07 09:00:00+09:00,2026-04-07,09:00,2026-04-07 09:00 KST,1004.71,69234642.05
2026-04-07 01:00:00+00:00,2026-04-07 10:00:00+09:00,2026-04-07,10:00,2026-04-07 10:00 KST,1086.34,74569383.39
2026-04-07 02:00:00+00:00,2026-04-07 11:00:00+09:00,2026-04-07,11:00,2026-04-07 11:00 KST,1084.59,74295346.51
2026-04-07 03:00:00+00:00,2026-04-07 12:00:00+09:00,2026-04-07,12:00,2026-04-07 12:00 KST,476.49,32748281.03
2026-04-07 04:00:00+00:00,2026-04-07 13:00:00+09:00,2026-04-07,13:00,2026-04-07 13:00 KST,439.16,30191788.41
2026-04-07 05:00:00+00:00,2026-04-07 14:00:00+09:00,2026-04-07,14:00,2026-04-07 14:00 KST,397.91,27346818.04
2026-04-07 06:00:00+00:00,2026-04-07 15:00:00+09:00,2026-04-07,15:00,2026-04-07 15:00 KST,395.86,27134627.75
2026-04-07 07:00:00+00:00,2026-04-07 16:00:00+09:00,2026-04-07,16:00,2026-04-07 16:00 KST,282.51,19380361.75
2026-04-07 08:00:00+00:00,2026-04-07 17:00:00+09:00,2026-04-07,17:00,2026-04-07 17:00 KST,634.96,43692197.51
2026-04-07 09:00:00+00:00,2026-04-07 18:00:00+09:00,2026-04-07,18:00,2026-04-07 18:00 KST,702.74,48567655.44
2026-04-07 10:00:00+00:00,2026-04-07 19:00:00+09:00,2026-04-07,19:00,2026-04-07 19:00 KST,1276.03,87590015.27
2026-04-07 11:00:00+00:00,2026-04-07 20:00:00+09:00,2026-04-07,20:00,2026-04-07 20:00 KST,700.22,47811530.69
2026-04-07 12:00:00+00:00,2026-04-07 21:00:00+09:00,2026-04-07,21:00,2026-04-07 21:00 KST,1114.89,76167270.59
2026-04-07 13:00:00+00:00,2026-04-07 22:00:00+09:00,2026-04-07,22:00,2026-04-07 22:00 KST,1473.54,100831046.69
2026-04-07 14:00:00+00:00,2026-04-07 23:00:00+09:00,2026-04-07,23:00,2026-04-07 23:00 KST,1944.43,132234716.03
2026-04-07 15:00:00+00:00,2026-04-08 00:00:00+09:00,2026-04-08,00:00,2026-04-08 00:00 KST,1432.21,97422812.23
2026-04-07 16:00:00+00:00,2026-04-08 01:00:00+09:00,2026-04-08,01:00,2026-04-08 01:00 KST,1475.76,100733849.77
2026-04-07 17:00:00+00:00,2026-04-08 02:00:00+09:00,2026-04-08,02:00,2026-04-08 02:00 KST,1208.96,82884810.5
2026-04-07 18:00:00+00:00,2026-04-08 03:00:00+09:00,2026-04-08,03:00,2026-04-08 03:00 KST,771.12,52873747.55
2026-04-07 19:00:00+00:00,2026-04-08 04:00:00+09:00,2026-04-08,04:00,2026-04-08 04:00 KST,1637.05,112472608.95
2026-04-07 20:00:00+00:00,2026-04-08 05:00:00+09:00,2026-04-08,05:00,2026-04-08 05:00 KST,1599.31,110897813.24
2026-04-07 21:00:00+00:00,2026-04-08 06:00:00+09:00,2026-04-08,06:00,2026-04-08 06:00 KST,2042.75,142538516.04
2026-04-07 22:00:00+00:00,2026-04-08 07:00:00+09:00,2026-04-08,07:00,2026-04-08 07:00 KST,3666.9,259292502.89
2026-04-07 23:00:00+00:00,2026-04-08 08:00:00+09:00,2026-04-08,08:00,2026-04-08 08:00 KST,4297.96,309243619.9
2026-04-08 00:00:00+00:00,2026-04-08 09:00:00+09:00,2026-04-08,09:00,2026-04-08 09:00 KST,1773.56,127445014.74
2026-04-08 01:00:00+00:00,2026-04-08 10:00:00+09:00,2026-04-08,10:00,2026-04-08 10:00 KST,966.87,69191915.62
2026-04-08 02:00:00+00:00,2026-04-08 11:00:00+09:00,2026-04-08,11:00,2026-04-08 11:00 KST,1010.77,72196530.18
2026-04-08 03:00:00+00:00,2026-04-08 12:00:00+09:00,2026-04-08,12:00,2026-04-08 12:00 KST,516.5,36857870.28
2026-04-08 04:00:00+00:00,2026-04-08 13:00:00+09:00,2026-04-08,13:00,2026-04-08 13:00 KST,652.45,46665733.93
2026-04-08 05:00:00+00:00,2026-04-08 14:00:00+09:00,2026-04-08,14:00,2026-04-08 14:00 KST,616.02,44167185.96
2026-04-08 06:00:00+00:00,2026-04-08 15:00:00+09:00,2026-04-08,15:00,2026-04-08 15:00 KST,604.87,43423617.56
2026-04-08 07:00:00+00:00,2026-04-08 16:00:00+09:00,2026-04-08,16:00,2026-04-08 16:00 KST,654.41,46934284.53
2026-04-08 08:00:00+00:00,2026-04-08 17:00:00+09:00,2026-04-08,17:00,2026-04-08 17:00 KST,696.24,49950410.73
2026-04-08 09:00:00+00:00,2026-04-08 18:00:00+09:00,2026-04-08,18:00,2026-04-08 18:00 KST,509.05,36533461.42
2026-04-08 10:00:00+00:00,2026-04-08 19:00:00+09:00,2026-04-08,19:00,2026-04-08 19:00 KST,456.03,32649040.94
2026-04-08 11:00:00+00:00,2026-04-08 20:00:00+09:00,2026-04-08,20:00,2026-04-08 20:00 KST,519.66,37196380.13
2026-04-08 12:00:00+00:00,2026-04-08 21:00:00+09:00,2026-04-08,21:00,2026-04-08 21:00 KST,1563.95,112393050.97
2026-04-08 13:00:00+00:00,2026-04-08 22:00:00+09:00,2026-04-08,22:00,2026-04-08 22:00 KST,3551.82,256369271.67
2026-04-08 14:00:00+00:00,2026-04-08 23:00:00+09:00,2026-04-08,23:00,2026-04-08 23:00 KST,2807.3,200065540.94
2026-04-08 15:00:00+00:00,2026-04-09 00:00:00+09:00,2026-04-09,00:00,2026-04-09 00:00 KST,1505.63,107127925.88
2026-04-08 16:00:00+00:00,2026-04-09 01:00:00+09:00,2026-04-09,01:00,2026-04-09 01:00 KST,2012.98,143794345.54
2026-04-08 17:00:00+00:00,2026-04-09 02:00:00+09:00,2026-04-09,02:00,2026-04-09 02:00 KST,2230.41,160074500.87
2026-04-08 18:00:00+00:00,2026-04-09 03:00:00+09:00,2026-04-09,03:00,2026-04-09 03:00 KST,2126.35,152022939.99
2026-04-08 19:00:00+00:00,2026-04-09 04:00:00+09:00,2026-04-09,04:00,2026-04-09 04:00 KST,1304.98,92976799.59
2026-04-08 20:00:00+00:00,2026-04-09 05:00:00+09:00,2026-04-09,05:00,2026-04-09 05:00 KST,609.57,43521355.56
2026-04-08 21:00:00+00:00,2026-04-09 06:00:00+09:00,2026-04-09,06:00,2026-04-09 06:00 KST,793.35,56800977.33
2026-04-08 22:00:00+00:00,2026-04-09 07:00:00+09:00,2026-04-09,07:00,2026-04-09 07:00 KST,614.76,43834809.45
2026-04-08 23:00:00+00:00,2026-04-09 08:00:00+09:00,2026-04-09,08:00,2026-04-09 08:00 KST,668.19,47474816.71
2026-04-09 00:00:00+00:00,2026-04-09 09:00:00+09:00,2026-04-09,09:00,2026-04-09 09:00 KST,914.23,64800716.67
2026-04-09 01:00:00+00:00,2026-04-09 10:00:00+09:00,2026-04-09,10:00,2026-04-09 10:00 KST,942.83,66676762.35
2026-04-09 02:00:00+00:00,2026-04-09 11:00:00+09:00,2026-04-09,11:00,2026-04-09 11:00 KST,753.23,53494976.93
2026-04-09 03:00:00+00:00,2026-04-09 12:00:00+09:00,2026-04-09,12:00,2026-04-09 12:00 KST,439.31,31182699.17
2026-04-09 04:00:00+00:00,2026-04-09 13:00:00+09:00,2026-04-09,13:00,2026-04-09 13:00 KST,343.04,24313194.43
2026-04-09 05:00:00+00:00,2026-04-09 14:00:00+09:00,2026-04-09,14:00,2026-04-09 14:00 KST,387.4,27482263.57
2026-04-09 06:00:00+00:00,2026-04-09 15:00:00+09:00,2026-04-09,15:00,2026-04-09 15:00 KST,324.39,23021254.01
2026-04-09 07:00:00+00:00,2026-04-09 16:00:00+09:00,2026-04-09,16:00,2026-04-09 16:00 KST,359.08,25506364.89
2026-04-09 08:00:00+00:00,2026-04-09 17:00:00+09:00,2026-04-09,17:00,2026-04-09 17:00 KST,589.84,41976826.81
2026-04-09 09:00:00+00:00,2026-04-09 18:00:00+09:00,2026-04-09,18:00,2026-04-09 18:00 KST,661.09,47169468.51
2026-04-09 10:00:00+00:00,2026-04-09 19:00:00+09:00,2026-04-09,19:00,2026-04-09 19:00 KST,375.62,26827751.86
2026-04-09 11:00:00+00:00,2026-04-09 20:00:00+09:00,2026-04-09,20:00,2026-04-09 20:00 KST,506.04,36027275.04
2026-04-09 12:00:00+00:00,2026-04-09 21:00:00+09:00,2026-04-09,21:00,2026-04-09 21:00 KST,709.24,50502788.81
2026-04-09 13:00:00+00:00,2026-04-09 22:00:00+09:00,2026-04-09,22:00,2026-04-09 22:00 KST,1686.15,119609001.01
2026-04-09 14:00:00+00:00,2026-04-09 23:00:00+09:00,2026-04-09,23:00,2026-04-09 23:00 KST,2061.27,146025558.08
2026-04-09 15:00:00+00:00,2026-04-10 00:00:00+09:00,2026-04-10,00:00,2026-04-10 00:00 KST,3457.46,248367092.73
2026-04-09 16:00:00+00:00,2026-04-10 01:00:00+09:00,2026-04-10,01:00,2026-04-10 01:00 KST,3330.98,240172357.45
2026-04-09 17:00:00+00:00,2026-04-10 02:00:00+09:00,2026-04-10,02:00,2026-04-10 02:00 KST,2391.32,173103635.07
2026-04-09 18:00:00+00:00,2026-04-10 03:00:00+09:00,2026-04-10,03:00,2026-04-10 03:00 KST,1423.56,102383848.68
2026-04-09 19:00:00+00:00,2026-04-10 04:00:00+09:00,2026-04-10,04:00,2026-04-10 04:00 KST,2013.19,145014914.88
2026-04-09 20:00:00+00:00,2026-04-10 05:00:00+09:00,2026-04-10,05:00,2026-04-10 05:00 KST,1352.28,97749143.21
2026-04-09 21:00:00+00:00,2026-04-10 06:00:00+09:00,2026-04-10,06:00,2026-04-10 06:00 KST,1215.81,87978226.34
2026-04-09 22:00:00+00:00,2026-04-10 07:00:00+09:00,2026-04-10,07:00,2026-04-10 07:00 KST,1755.67,127423965.28
2026-04-09 23:00:00+00:00,2026-04-10 08:00:00+09:00,2026-04-10,08:00,2026-04-10 08:00 KST,1231.58,88451840.26
2026-04-10 00:00:00+00:00,2026-04-10 09:00:00+09:00,2026-04-10,09:00,2026-04-10 09:00 KST,985.23,70770003.92
2026-04-10 01:00:00+00:00,2026-04-10 10:00:00+09:00,2026-04-10,10:00,2026-04-10 10:00 KST,1230.7,88725703.39
2026-04-10 02:00:00+00:00,2026-04-10 11:00:00+09:00,2026-04-10,11:00,2026-04-10 11:00 KST,642.92,46386436.4
2026-04-10 03:00:00+00:00,2026-04-10 12:00:00+09:00,2026-04-10,12:00,2026-04-10 12:00 KST,415.58,29886675.97
2026-04-10 04:00:00+00:00,2026-04-10 13:00:00+09:00,2026-04-10,13:00,2026-04-10 13:00 KST,465.6,33511266.97
2026-04-10 05:00:00+00:00,2026-04-10 14:00:00+09:00,2026-04-10,14:00,2026-04-10 14:00 KST,363.77,26251242.58
2026-04-10 06:00:00+00:00,2026-04-10 15:00:00+09:00,2026-04-10,15:00,2026-04-10 15:00 KST,369.44,26589294.55
2026-04-10 07:00:00+00:00,2026-04-10 16:00:00+09:00,2026-04-10,16:00,2026-04-10 16:00 KST,557.45,39962233.34
2026-04-10 08:00:00+00:00,2026-04-10 17:00:00+09:00,2026-04-10,17:00,2026-04-10 17:00 KST,729.17,52203759.94
2026-04-10 09:00:00+00:00,2026-04-10 18:00:00+09:00,2026-04-10,18:00,2026-04-10 18:00 KST,420.22,30160487.18
2026-04-10 10:00:00+00:00,2026-04-10 19:00:00+09:00,2026-04-10,19:00,2026-04-10 19:00 KST,334.79,24040780.43
2026-04-10 11:00:00+00:00,2026-04-10 20:00:00+09:00,2026-04-10,20:00,2026-04-10 20:00 KST,573.71,41400407.88
2026-04-10 12:00:00+00:00,2026-04-10 21:00:00+09:00,2026-04-10,21:00,2026-04-10 21:00 KST,1173.98,84828250.67
2026-04-10 13:00:00+00:00,2026-04-10 22:00:00+09:00,2026-04-10,22:00,2026-04-10 22:00 KST,1522.45,109896537.29
2026-04-10 14:00:00+00:00,2026-04-10 23:00:00+09:00,2026-04-10,23:00,2026-04-10 23:00 KST,4329.72,315280797.58
2026-04-10 15:00:00+00:00,2026-04-11 00:00:00+09:00,2026-04-11,00:00,2026-04-11 00:00 KST,2329.15,169602489.26
2026-04-10 16:00:00+00:00,2026-04-11 01:00:00+09:00,2026-04-11,01:00,2026-04-11 01:00 KST,1674.46,121812081.82
2026-04-10 17:00:00+00:00,2026-04-11 02:00:00+09:00,2026-04-11,02:00,2026-04-11 02:00 KST,1430.26,104368664.86
2026-04-10 18:00:00+00:00,2026-04-11 03:00:00+09:00,2026-04-11,03:00,2026-04-11 03:00 KST,1420.0,103720577.97
2026-04-10 19:00:00+00:00,2026-04-11 04:00:00+09:00,2026-04-11,04:00,2026-04-11 04:00 KST,1861.5,136101159.46
2026-04-10 20:00:00+00:00,2026-04-11 05:00:00+09:00,2026-04-11,05:00,2026-04-11 05:00 KST,1860.98,136360484.11
2026-04-10 21:00:00+00:00,2026-04-11 06:00:00+09:00,2026-04-11,06:00,2026-04-11 06:00 KST,530.98,38842065.2
2026-04-10 22:00:00+00:00,2026-04-11 07:00:00+09:00,2026-04-11,07:00,2026-04-11 07:00 KST,579.13,42292691.05
2026-04-10 23:00:00+00:00,2026-04-11 08:00:00+09:00,2026-04-11,08:00,2026-04-11 08:00 KST,350.26,25536509.54
2026-04-11 00:00:00+00:00,2026-04-11 09:00:00+09:00,2026-04-11,09:00,2026-04-11 09:00 KST,286.6,20891828.61
2026-04-11 01:00:00+00:00,2026-04-11 10:00:00+09:00,2026-04-11,10:00,2026-04-11 10:00 KST,351.09,25576999.17
2026-04-11 02:00:00+00:00,2026-04-11 11:00:00+09:00,2026-04-11,11:00,2026-04-11 11:00 KST,377.75,27587541.97
2026-04-11 03:00:00+00:00,2026-04-11 12:00:00+09:00,2026-04-11,12:00,2026-04-11 12:00 KST,265.11,19356771.29
2026-04-11 04:00:00+00:00,2026-04-11 13:00:00+09:00,2026-04-11,13:00,2026-04-11 13:00 KST,431.99,31464188.2
2026-04-11 05:00:00+00:00,2026-04-11 14:00:00+09:00,2026-04-11,14:00,2026-04-11 14:00 KST,202.05,14709518.55
2026-04-11 06:00:00+00:00,2026-04-11 15:00:00+09:00,2026-04-11,15:00,2026-04-11 15:00 KST,256.31,18640809.01
2026-04-11 07:00:00+00:00,2026-04-11 16:00:00+09:00,2026-04-11,16:00,2026-04-11 16:00 KST,207.7,15117705.61
2026-04-11 08:00:00+00:00,2026-04-11 17:00:00+09:00,2026-04-11,17:00,2026-04-11 17:00 KST,189.39,13778784.39
2026-04-11 09:00:00+00:00,2026-04-11 18:00:00+09:00,2026-04-11,18:00,2026-04-11 18:00 KST,241.21,17564684.46
2026-04-11 10:00:00+00:00,2026-04-11 19:00:00+09:00,2026-04-11,19:00,2026-04-11 19:00 KST,150.1,10938201.21
2026-04-11 11:00:00+00:00,2026-04-11 20:00:00+09:00,2026-04-11,20:00,2026-04-11 20:00 KST,207.33,15113930.93
2026-04-11 12:00:00+00:00,2026-04-11 21:00:00+09:00,2026-04-11,21:00,2026-04-11 21:00 KST,249.58,18205964.76
2026-04-11 13:00:00+00:00,2026-04-11 22:00:00+09:00,2026-04-11,22:00,2026-04-11 22:00 KST,833.92,60633068.87
2026-04-11 14:00:00+00:00,2026-04-11 23:00:00+09:00,2026-04-11,23:00,2026-04-11 23:00 KST,371.96,27049187.37
2026-04-11 15:00:00+00:00,2026-04-12 00:00:00+09:00,2026-04-12,00:00,2026-04-12 00:00 KST,301.5,21954552.9
2026-04-11 16:00:00+00:00,2026-04-12 01:00:00+09:00,2026-04-12,01:00,2026-04-12 01:00 KST,554.84,40529738.43
2026-04-11 17:00:00+00:00,2026-04-12 02:00:00+09:00,2026-04-12,02:00,2026-04-12 02:00 KST,385.72,28199161.38
2026-04-11 18:00:00+00:00,2026-04-12 03:00:00+09:00,2026-04-12,03:00,2026-04-12 03:00 KST,966.74,71019710.17
2026-04-11 19:00:00+00:00,2026-04-12 04:00:00+09:00,2026-04-12,04:00,2026-04-12 04:00 KST,724.27,53357632.32
2026-04-11 20:00:00+00:00,2026-04-12 05:00:00+09:00,2026-04-12,05:00,2026-04-12 05:00 KST,600.63,44118179.59
2026-04-11 21:00:00+00:00,2026-04-12 06:00:00+09:00,2026-04-12,06:00,2026-04-12 06:00 KST,454.51,33373663.02
2026-04-11 22:00:00+00:00,2026-04-12 07:00:00+09:00,2026-04-12,07:00,2026-04-12 07:00 KST,387.11,28423124.17
2026-04-11 23:00:00+00:00,2026-04-12 08:00:00+09:00,2026-04-12,08:00,2026-04-12 08:00 KST,515.68,37709041.71
2026-04-12 00:00:00+00:00,2026-04-12 09:00:00+09:00,2026-04-12,09:00,2026-04-12 09:00 KST,404.64,29558760.48
2026-04-12 01:00:00+00:00,2026-04-12 10:00:00+09:00,2026-04-12,10:00,2026-04-12 10:00 KST,1738.2,125352466.71
2026-04-12 02:00:00+00:00,2026-04-12 11:00:00+09:00,2026-04-12,11:00,2026-04-12 11:00 KST,1131.1,81195240.24
2026-04-12 03:00:00+00:00,2026-04-12 12:00:00+09:00,2026-04-12,12:00,2026-04-12 12:00 KST,555.62,39856634.34
2026-04-12 04:00:00+00:00,2026-04-12 13:00:00+09:00,2026-04-12,13:00,2026-04-12 13:00 KST,369.64,26457157.76
2026-04-12 05:00:00+00:00,2026-04-12 14:00:00+09:00,2026-04-12,14:00,2026-04-12 14:00 KST,272.26,19506596.03
2026-04-12 06:00:00+00:00,2026-04-12 15:00:00+09:00,2026-04-12,15:00,2026-04-12 15:00 KST,179.38,12864956.25
2026-04-12 07:00:00+00:00,2026-04-12 16:00:00+09:00,2026-04-12,16:00,2026-04-12 16:00 KST,196.45,14085618.91
2026-04-12 08:00:00+00:00,2026-04-12 17:00:00+09:00,2026-04-12,17:00,2026-04-12 17:00 KST,217.73,15614107.38
2026-04-12 09:00:00+00:00,2026-04-12 18:00:00+09:00,2026-04-12,18:00,2026-04-12 18:00 KST,179.61,12861608.76
2026-04-12 10:00:00+00:00,2026-04-12 19:00:00+09:00,2026-04-12,19:00,2026-04-12 19:00 KST,277.67,19868516.72
2026-04-12 11:00:00+00:00,2026-04-12 20:00:00+09:00,2026-04-12,20:00,2026-04-12 20:00 KST,185.63,13272024.95
2026-04-12 12:00:00+00:00,2026-04-12 21:00:00+09:00,2026-04-12,21:00,2026-04-12 21:00 KST,616.34,43945408.85
2026-04-12 13:00:00+00:00,2026-04-12 22:00:00+09:00,2026-04-12,22:00,2026-04-12 22:00 KST,1019.16,72393560.27
2026-04-12 14:00:00+00:00,2026-04-12 23:00:00+09:00,2026-04-12,23:00,2026-04-12 23:00 KST,814.86,57797931.45
2026-04-12 15:00:00+00:00,2026-04-13 00:00:00+09:00,2026-04-13,00:00,2026-04-13 00:00 KST,579.23,41018977.7
2026-04-12 16:00:00+00:00,2026-04-13 01:00:00+09:00,2026-04-13,01:00,2026-04-13 01:00 KST,360.38,25559220.34
2026-04-12 17:00:00+00:00,2026-04-13 02:00:00+09:00,2026-04-13,02:00,2026-04-13 02:00 KST,470.19,33406098.1
2026-04-12 18:00:00+00:00,2026-04-13 03:00:00+09:00,2026-04-13,03:00,2026-04-13 03:00 KST,345.06,24555399.34
2026-04-12 19:00:00+00:00,2026-04-13 04:00:00+09:00,2026-04-13,04:00,2026-04-13 04:00 KST,287.91,20488340.75
2026-04-12 20:00:00+00:00,2026-04-13 05:00:00+09:00,2026-04-13,05:00,2026-04-13 05:00 KST,518.47,36929617.79
2026-04-12 21:00:00+00:00,2026-04-13 06:00:00+09:00,2026-04-13,06:00,2026-04-13 06:00 KST,406.03,28962682.44
2026-04-12 22:00:00+00:00,2026-04-13 07:00:00+09:00,2026-04-13,07:00,2026-04-13 07:00 KST,1872.79,132689485.27
2026-04-12 23:00:00+00:00,2026-04-13 08:00:00+09:00,2026-04-13,08:00,2026-04-13 08:00 KST,676.62,47832282.32
2026-04-13 00:00:00+00:00,2026-04-13 09:00:00+09:00,2026-04-13,09:00,2026-04-13 09:00 KST,970.19,68877255.32
2026-04-13 01:00:00+00:00,2026-04-13 10:00:00+09:00,2026-04-13,10:00,2026-04-13 10:00 KST,560.41,39873332.68
2026-04-13 02:00:00+00:00,2026-04-13 11:00:00+09:00,2026-04-13,11:00,2026-04-13 11:00 KST,463.32,32958511.81
2026-04-13 03:00:00+00:00,2026-04-13 12:00:00+09:00,2026-04-13,12:00,2026-04-13 12:00 KST,461.63,32796578.27
2026-04-13 04:00:00+00:00,2026-04-13 13:00:00+09:00,2026-04-13,13:00,2026-04-13 13:00 KST,428.08,30398327.96
2026-04-13 05:00:00+00:00,2026-04-13 14:00:00+09:00,2026-04-13,14:00,2026-04-13 14:00 KST,402.52,28513945.95
2026-04-13 06:00:00+00:00,2026-04-13 15:00:00+09:00,2026-04-13,15:00,2026-04-13 15:00 KST,359.1,25510445.82
2026-04-13 07:00:00+00:00,2026-04-13 16:00:00+09:00,2026-04-13,16:00,2026-04-13 16:00 KST,434.39,30771606.41
2026-04-13 08:00:00+00:00,2026-04-13 17:00:00+09:00,2026-04-13,17:00,2026-04-13 17:00 KST,510.94,36134819.2
2026-04-13 09:00:00+00:00,2026-04-13 18:00:00+09:00,2026-04-13,18:00,2026-04-13 18:00 KST,261.29,18496495.8
2026-04-13 10:00:00+00:00,2026-04-13 19:00:00+09:00,2026-04-13,19:00,2026-04-13 19:00 KST,308.37,21826042.16
2026-04-13 11:00:00+00:00,2026-04-13 20:00:00+09:00,2026-04-13,20:00,2026-04-13 20:00 KST,375.53,26622462.46
2026-04-13 12:00:00+00:00,2026-04-13 21:00:00+09:00,2026-04-13,21:00,2026-04-13 21:00 KST,959.82,68109375.37
2026-04-13 13:00:00+00:00,2026-04-13 22:00:00+09:00,2026-04-13,22:00,2026-04-13 22:00 KST,3262.74,232304918.01
2026-04-13 14:00:00+00:00,2026-04-13 23:00:00+09:00,2026-04-13,23:00,2026-04-13 23:00 KST,4682.88,336362666.73
2026-04-13 15:00:00+00:00,2026-04-14 00:00:00+09:00,2026-04-14,00:00,2026-04-14 00:00 KST,3625.76,261186704.19
2026-04-13 16:00:00+00:00,2026-04-14 01:00:00+09:00,2026-04-14,01:00,2026-04-14 01:00 KST,2826.42,204057649.15
2026-04-13 17:00:00+00:00,2026-04-14 02:00:00+09:00,2026-04-14,02:00,2026-04-14 02:00 KST,2795.74,202321994.85
2026-04-13 18:00:00+00:00,2026-04-14 03:00:00+09:00,2026-04-14,03:00,2026-04-14 03:00 KST,1731.88,125161159.81
2026-04-13 19:00:00+00:00,2026-04-14 04:00:00+09:00,2026-04-14,04:00,2026-04-14 04:00 KST,3922.15,286670985.97
2026-04-13 20:00:00+00:00,2026-04-14 05:00:00+09:00,2026-04-14,05:00,2026-04-14 05:00 KST,2870.01,210170488.02
2026-04-13 21:00:00+00:00,2026-04-14 06:00:00+09:00,2026-04-14,06:00,2026-04-14 06:00 KST,837.26,61322294.34
2026-04-13 22:00:00+00:00,2026-04-14 07:00:00+09:00,2026-04-14,07:00,2026-04-14 07:00 KST,3367.0,249636869.85
2026-04-13 23:00:00+00:00,2026-04-14 08:00:00+09:00,2026-04-14,08:00,2026-04-14 08:00 KST,2103.14,157083398.22
2026-04-14 00:00:00+00:00,2026-04-14 09:00:00+09:00,2026-04-14,09:00,2026-04-14 09:00 KST,1212.27,90100690.14
2026-04-14 01:00:00+00:00,2026-04-14 10:00:00+09:00,2026-04-14,10:00,2026-04-14 10:00 KST,1112.15,82626480.23
2026-04-14 02:00:00+00:00,2026-04-14 11:00:00+09:00,2026-04-14,11:00,2026-04-14 11:00 KST,762.6,56784233.8
2026-04-14 03:00:00+00:00,2026-04-14 12:00:00+09:00,2026-04-14,12:00,2026-04-14 12:00 KST,619.36,46084675.98
2026-04-14 04:00:00+00:00,2026-04-14 13:00:00+09:00,2026-04-14,13:00,2026-04-14 13:00 KST,344.11,25625556.66
2026-04-14 05:00:00+00:00,2026-04-14 14:00:00+09:00,2026-04-14,14:00,2026-04-14 14:00 KST,556.52,41378072.33
2026-04-14 06:00:00+00:00,2026-04-14 15:00:00+09:00,2026-04-14,15:00,2026-04-14 15:00 KST,502.1,37371706.3
2026-04-14 07:00:00+00:00,2026-04-14 16:00:00+09:00,2026-04-14,16:00,2026-04-14 16:00 KST,976.82,72931812.75
2026-04-14 08:00:00+00:00,2026-04-14 17:00:00+09:00,2026-04-14,17:00,2026-04-14 17:00 KST,896.76,67004547.9
2026-04-14 09:00:00+00:00,2026-04-14 18:00:00+09:00,2026-04-14,18:00,2026-04-14 18:00 KST,747.9,55855725.83
2026-04-14 10:00:00+00:00,2026-04-14 19:00:00+09:00,2026-04-14,19:00,2026-04-14 19:00 KST,470.04,35030040.9
2026-04-14 11:00:00+00:00,2026-04-14 20:00:00+09:00,2026-04-14,20:00,2026-04-14 20:00 KST,530.93,39508965.34
2026-04-14 12:00:00+00:00,2026-04-14 21:00:00+09:00,2026-04-14,21:00,2026-04-14 21:00 KST,872.83,64928931.0
2026-04-14 13:00:00+00:00,2026-04-14 22:00:00+09:00,2026-04-14,22:00,2026-04-14 22:00 KST,6747.96,506977945.04
2026-04-14 14:00:00+00:00,2026-04-14 23:00:00+09:00,2026-04-14,23:00,2026-04-14 23:00 KST,6255.37,472941154.41
2026-04-14 15:00:00+00:00,2026-04-15 00:00:00+09:00,2026-04-15,00:00,2026-04-15 00:00 KST,2744.33,205983859.21
2026-04-14 16:00:00+00:00,2026-04-15 01:00:00+09:00,2026-04-15,01:00,2026-04-15 01:00 KST,3031.9,228473004.93
2026-04-14 17:00:00+00:00,2026-04-15 02:00:00+09:00,2026-04-15,02:00,2026-04-15 02:00 KST,2475.72,184900344.23
2026-04-14 18:00:00+00:00,2026-04-15 03:00:00+09:00,2026-04-15,03:00,2026-04-15 03:00 KST,3454.47,257196336.08
2026-04-14 19:00:00+00:00,2026-04-15 04:00:00+09:00,2026-04-15,04:00,2026-04-15 04:00 KST,4529.64,336404241.66
2026-04-14 20:00:00+00:00,2026-04-15 05:00:00+09:00,2026-04-15,05:00,2026-04-15 05:00 KST,1497.6,111258636.57
2026-04-14 21:00:00+00:00,2026-04-15 06:00:00+09:00,2026-04-15,06:00,2026-04-15 06:00 KST,879.29,65215759.05
2026-04-14 22:00:00+00:00,2026-04-15 07:00:00+09:00,2026-04-15,07:00,2026-04-15 07:00 KST,957.41,70984007.68
2026-04-14 23:00:00+00:00,2026-04-15 08:00:00+09:00,2026-04-15,08:00,2026-04-15 08:00 KST,750.1,55627885.88
2026-04-15 00:00:00+00:00,2026-04-15 09:00:00+09:00,2026-04-15,09:00,2026-04-15 09:00 KST,989.81,73789894.3
2026-04-15 01:00:00+00:00,2026-04-15 10:00:00+09:00,2026-04-15,10:00,2026-04-15 10:00 KST,665.67,49715955.37
2026-04-15 02:00:00+00:00,2026-04-15 11:00:00+09:00,2026-04-15,11:00,2026-04-15 11:00 KST,647.64,48190661.25
2026-04-15 03:00:00+00:00,2026-04-15 12:00:00+09:00,2026-04-15,12:00,2026-04-15 12:00 KST,118.68,8815838.43
